[
  {
    "id": "d2efeea8-822d-4e3d-99be-38dbf94964d1",
    "data": [
      {
        "text": "Do you want to play with me?",
        "userDefined": false
      }
    ],
    "isTemplate": false,
    "count": 0,
    "lang": "en",
    "updated": 0
  },
  {
    "id": "ec249fad-844b-412b-9b8c-484eb7344ef4",
    "data": [
      {
        "text": "Let\u0027s be friends.",
        "userDefined": false
      }
    ],
    "isTemplate": false,
    "count": 0,
    "lang": "en",
    "updated": 0
  },
  {
    "id": "58310569-ed14-42e2-a12f-91b937aca152",
    "data": [
      {
        "text": "I want to be your friend?",
        "userDefined": false
      }
    ],
    "isTemplate": false,
    "count": 0,
    "lang": "en",
    "updated": 0
  },
  {
    "id": "423f3bec-90cb-4f59-89d3-8ad231b5bd94",
    "data": [
      {
        "text": "Can we be friends?",
        "userDefined": false
      }
    ],
    "isTemplate": false,
    "count": 0,
    "lang": "en",
    "updated": 0
  },
  {
    "id": "d026165c-4cc7-4070-9996-17e2691ec490",
    "data": [
      {
        "text": "Do you want to be my friend?",
        "userDefined": false
      }
    ],
    "isTemplate": false,
    "count": 0,
    "lang": "en",
    "updated": 0
  }
]