[
  {
    "id": "cb940fa3-e424-49c5-b277-82b9aeccf41f",
    "data": [
      {
        "text": "Susu",
        "meta": "@myself",
        "alias": "wake-command",
        "userDefined": true
      },
      {
        "text": " ",
        "userDefined": false
      },
      {
        "text": "add new friend",
        "userDefined": true
      },
      {
        "text": " ",
        "userDefined": false
      },
      {
        "text": "Sanna",
        "meta": "@customName",
        "alias": "customName",
        "userDefined": true
      }
    ],
    "isTemplate": false,
    "count": 0,
    "lang": "en",
    "updated": 0
  },
  {
    "id": "73ae32c3-69b2-431f-9ab1-77bf656c943f",
    "data": [
      {
        "text": "Command",
        "meta": "@myself",
        "alias": "wake-command",
        "userDefined": true
      },
      {
        "text": " ",
        "userDefined": false
      },
      {
        "text": "add new friend",
        "userDefined": true
      },
      {
        "text": " ",
        "userDefined": false
      },
      {
        "text": "Albert",
        "meta": "@customName",
        "alias": "customName",
        "userDefined": true
      }
    ],
    "isTemplate": false,
    "count": 0,
    "lang": "en",
    "updated": 0
  }
]