[
  {
    "id": "59892cd1-7179-4001-83b8-0f09d570fa8e",
    "data": [
      {
        "text": "Susu",
        "meta": "@myself",
        "alias": "wake-command",
        "userDefined": true
      },
      {
        "text": " ",
        "userDefined": false
      },
      {
        "text": "Menu",
        "userDefined": true
      }
    ],
    "isTemplate": false,
    "count": 0,
    "lang": "en",
    "updated": 0
  },
  {
    "id": "1033664b-41c1-48af-aaae-5ef713d63793",
    "data": [
      {
        "text": "Susu",
        "meta": "@myself",
        "alias": "wake-command",
        "userDefined": true
      },
      {
        "text": " ",
        "userDefined": false
      },
      {
        "text": "Help",
        "userDefined": true
      }
    ],
    "isTemplate": false,
    "count": 0,
    "lang": "en",
    "updated": 0
  },
  {
    "id": "6f20528d-8296-4a78-bc3a-fd21a3b9648c",
    "data": [
      {
        "text": "How do you work?",
        "userDefined": false
      }
    ],
    "isTemplate": false,
    "count": 0,
    "lang": "en",
    "updated": 0
  },
  {
    "id": "a45758f5-4d1a-48c7-96b4-d80446a882b7",
    "data": [
      {
        "text": "What",
        "userDefined": true
      },
      {
        "text": " can I ask you?",
        "userDefined": false
      }
    ],
    "isTemplate": false,
    "count": 0,
    "lang": "en",
    "updated": 0
  },
  {
    "id": "6efce8eb-d041-439a-894a-156986960243",
    "data": [
      {
        "text": "What can you do?",
        "userDefined": false
      }
    ],
    "isTemplate": false,
    "count": 0,
    "lang": "en",
    "updated": 0
  },
  {
    "id": "48d0da96-9374-47bf-97ee-2656225de346",
    "data": [
      {
        "text": "Command",
        "meta": "@myself",
        "alias": "wake-command",
        "userDefined": true
      },
      {
        "text": " ",
        "userDefined": false
      },
      {
        "text": "Help",
        "userDefined": true
      }
    ],
    "isTemplate": false,
    "count": 0,
    "lang": "en",
    "updated": 0
  },
  {
    "id": "50231923-db85-4630-b63c-61b8b9823b03",
    "data": [
      {
        "text": "Command",
        "meta": "@myself",
        "alias": "wake-command",
        "userDefined": true
      },
      {
        "text": " ",
        "userDefined": false
      },
      {
        "text": "Menu",
        "userDefined": true
      }
    ],
    "isTemplate": false,
    "count": 0,
    "lang": "en",
    "updated": 0
  },
  {
    "id": "40a7e0c5-fa30-41a3-8bdc-b0671a3659df",
    "data": [
      {
        "text": "Help",
        "userDefined": true
      }
    ],
    "isTemplate": false,
    "count": 0,
    "lang": "en",
    "updated": 0
  },
  {
    "id": "ef30c446-5e92-466c-8b1b-f089d45a2ff2",
    "data": [
      {
        "text": "Menu",
        "userDefined": true
      }
    ],
    "isTemplate": false,
    "count": 0,
    "lang": "en",
    "updated": 0
  }
]