[
  {
    "id": "c4c37796-2309-4bfb-856e-467500efca79",
    "data": [
      {
        "text": "Command",
        "meta": "@myself",
        "alias": "wake-command",
        "userDefined": true
      },
      {
        "text": " ",
        "userDefined": false
      },
      {
        "text": "go to sleep",
        "userDefined": true
      }
    ],
    "isTemplate": false,
    "count": 0,
    "lang": "en",
    "updated": 0
  },
  {
    "id": "5a11c9a6-805d-4284-8788-187184c23b69",
    "data": [
      {
        "text": "Susu",
        "meta": "@myself",
        "alias": "wake-command",
        "userDefined": true
      },
      {
        "text": " ",
        "userDefined": false
      },
      {
        "text": "go to sleep",
        "userDefined": true
      }
    ],
    "isTemplate": false,
    "count": 0,
    "lang": "en",
    "updated": 0
  }
]