[
  {
    "id": "698299ab-cc21-4584-afc6-e97e8a801808",
    "data": [
      {
        "text": "Wazzup?",
        "userDefined": false
      }
    ],
    "isTemplate": false,
    "count": 0,
    "lang": "en",
    "updated": 0
  },
  {
    "id": "dcee38bf-8b86-40c5-bb56-909a4edd4d4b",
    "data": [
      {
        "text": "What\u0027s up?",
        "userDefined": false
      }
    ],
    "isTemplate": false,
    "count": 0,
    "lang": "en",
    "updated": 0
  },
  {
    "id": "ccae723b-31ad-4e00-a77e-f8cd626935ba",
    "data": [
      {
        "text": "How\u0027s it going?",
        "userDefined": false
      }
    ],
    "isTemplate": false,
    "count": 0,
    "lang": "en",
    "updated": 0
  },
  {
    "id": "ff32b849-4c0e-4310-9bf3-b5a05d30266a",
    "data": [
      {
        "text": "How are you doing?",
        "userDefined": false
      }
    ],
    "isTemplate": false,
    "count": 0,
    "lang": "en",
    "updated": 0
  },
  {
    "id": "59b9276e-ce9e-4dc8-82ec-ad2bb72e2159",
    "data": [
      {
        "text": "How are you?",
        "userDefined": false
      }
    ],
    "isTemplate": false,
    "count": 0,
    "lang": "en",
    "updated": 0
  },
  {
    "id": "186734d2-859e-4caf-a4ca-50a33e3106e1",
    "data": [
      {
        "text": "I\u0027m fine thank you, how are you?",
        "userDefined": false
      }
    ],
    "isTemplate": false,
    "count": 0,
    "lang": "en",
    "updated": 0
  }
]