[
  {
    "id": "64bc5a2b-2dcf-408a-8961-0f6ad2bb7ce5",
    "data": [
      {
        "text": "I\u0027m bored.",
        "userDefined": false
      }
    ],
    "isTemplate": false,
    "count": 0,
    "lang": "en",
    "updated": 0
  },
  {
    "id": "897c8340-dfc1-44f7-9143-31c72f848d2e",
    "data": [
      {
        "text": "Tell me a joke?",
        "userDefined": false
      }
    ],
    "isTemplate": false,
    "count": 0,
    "lang": "en",
    "updated": 0
  },
  {
    "id": "74cd54c7-9d6c-4007-8a4c-1b7c41ebfd1a",
    "data": [
      {
        "text": "Do you know any jokes?",
        "userDefined": false
      }
    ],
    "isTemplate": false,
    "count": 0,
    "lang": "en",
    "updated": 0
  }
]