[
  {
    "id": "2658876a-1a22-4e76-9878-076b9c942bd7",
    "data": [
      {
        "text": "Has ",
        "userDefined": false
      },
      {
        "text": "Ebba",
        "meta": "@customName",
        "alias": "customName",
        "userDefined": false
      },
      {
        "text": " been here?",
        "userDefined": false
      }
    ],
    "isTemplate": false,
    "count": 0,
    "lang": "en",
    "updated": 0
  },
  {
    "id": "888c131a-c9e3-4a75-9757-1571e86613c6",
    "data": [
      {
        "text": "Have you seen ",
        "userDefined": false
      },
      {
        "text": "Ebba",
        "meta": "@customName",
        "alias": "customName",
        "userDefined": false
      },
      {
        "text": " recently?",
        "userDefined": false
      }
    ],
    "isTemplate": false,
    "count": 0,
    "lang": "en",
    "updated": 0
  },
  {
    "id": "a859c123-09f1-40cd-bebd-da6ca717234f",
    "data": [
      {
        "text": "Have you seen ",
        "userDefined": false
      },
      {
        "text": "Albert",
        "meta": "@customName",
        "alias": "customName",
        "userDefined": false
      },
      {
        "text": " lately?",
        "userDefined": false
      }
    ],
    "isTemplate": false,
    "count": 0,
    "lang": "en",
    "updated": 0
  },
  {
    "id": "9886d480-d352-49bd-b77a-eed51d262fbe",
    "data": [
      {
        "text": "When did you last see ",
        "userDefined": false
      },
      {
        "text": "Henrik",
        "meta": "@customName",
        "alias": "customName",
        "userDefined": false
      },
      {
        "text": "?",
        "userDefined": false
      }
    ],
    "isTemplate": false,
    "count": 0,
    "lang": "en",
    "updated": 0
  },
  {
    "id": "8ceda202-138b-4456-998d-415be6e96b50",
    "data": [
      {
        "text": "Have you seen ",
        "userDefined": false
      },
      {
        "text": "Sanna",
        "meta": "@customName",
        "alias": "customName",
        "userDefined": false
      },
      {
        "text": "?",
        "userDefined": false
      }
    ],
    "isTemplate": false,
    "count": 0,
    "lang": "en",
    "updated": 0
  }
]