[
  {
    "id": "c2d245a1-fdb7-4fdd-8571-ef2d5acd04c5",
    "data": [
      {
        "text": "hi my name is ",
        "userDefined": false
      },
      {
        "text": "Henrik",
        "meta": "@customName",
        "alias": "customName",
        "userDefined": true
      }
    ],
    "isTemplate": false,
    "count": 0,
    "lang": "en",
    "updated": 0
  },
  {
    "id": "51f3f72e-c530-4fed-ab70-72541b98cd43",
    "data": [
      {
        "text": "my name is ",
        "userDefined": false
      },
      {
        "text": "Henrik",
        "meta": "@customName",
        "alias": "customName",
        "userDefined": true
      }
    ],
    "isTemplate": false,
    "count": 0,
    "lang": "en",
    "updated": 0
  },
  {
    "id": "019871cc-9fd6-475c-a521-0533b8bd537f",
    "data": [
      {
        "text": "my name is ",
        "userDefined": false
      },
      {
        "text": "Henrik",
        "meta": "@customName",
        "alias": "customName",
        "userDefined": true
      },
      {
        "text": " nice to meet you",
        "userDefined": false
      }
    ],
    "isTemplate": false,
    "count": 0,
    "lang": "en",
    "updated": 0
  },
  {
    "id": "5f01ea51-0041-4387-8739-9310de681296",
    "data": [
      {
        "text": "They call me ",
        "userDefined": false
      },
      {
        "text": "Ebba",
        "meta": "@sys.ignore",
        "userDefined": false
      },
      {
        "text": ".",
        "userDefined": false
      }
    ],
    "isTemplate": false,
    "count": 0,
    "lang": "en",
    "updated": 0
  },
  {
    "id": "826734ac-5ec8-46c6-9445-a801dbe67f24",
    "data": [
      {
        "text": "Nice to meet you. My name is ",
        "userDefined": false
      },
      {
        "text": "Van",
        "meta": "@sys.ignore",
        "userDefined": false
      },
      {
        "text": ".",
        "userDefined": false
      }
    ],
    "isTemplate": false,
    "count": 0,
    "lang": "en",
    "updated": 0
  },
  {
    "id": "b0180a03-418f-4d7a-9d34-99d1ac6a3f33",
    "data": [
      {
        "text": "Hi, my name is ",
        "userDefined": false
      },
      {
        "text": "Henrik",
        "meta": "@sys.ignore",
        "userDefined": false
      },
      {
        "text": ".",
        "userDefined": false
      }
    ],
    "isTemplate": false,
    "count": 0,
    "lang": "en",
    "updated": 0
  }
]