[
  {
    "id": "4633a4ff-f1fa-4d2f-a023-31be7b2d702b",
    "data": [
      {
        "text": "What is the best color?",
        "userDefined": false
      }
    ],
    "isTemplate": false,
    "count": 0,
    "lang": "en",
    "updated": 0
  },
  {
    "id": "bdc4af96-e3b7-407e-a742-399e8f4ab679",
    "data": [
      {
        "text": "Which color do you like the most?",
        "userDefined": false
      }
    ],
    "isTemplate": false,
    "count": 0,
    "lang": "en",
    "updated": 0
  },
  {
    "id": "7bf16d8c-61b6-474f-b585-fc83fbf9a76e",
    "data": [
      {
        "text": "What\u0027s your favorite color?",
        "userDefined": false
      }
    ],
    "isTemplate": false,
    "count": 0,
    "lang": "en",
    "updated": 0
  }
]