[
  {
    "id": "1ca2929a-c740-401f-be4c-bf0185a1cf51",
    "data": [
      {
        "text": "susu, what are you gonna do ",
        "userDefined": false
      },
      {
        "text": "in summer",
        "meta": "@sys.date-period",
        "alias": "insummer",
        "userDefined": true
      },
      {
        "text": "?",
        "userDefined": false
      }
    ],
    "isTemplate": false,
    "count": 0,
    "lang": "en",
    "updated": 0
  },
  {
    "id": "aff3ee58-e9da-4cc0-afd1-9fd250c00a92",
    "data": [
      {
        "text": "what are you gonna do ",
        "userDefined": false
      },
      {
        "text": "in summer",
        "meta": "@sys.date-period",
        "alias": "insummer",
        "userDefined": true
      },
      {
        "text": "?",
        "userDefined": false
      }
    ],
    "isTemplate": false,
    "count": 0,
    "lang": "en",
    "updated": 0
  }
]