[
  {
    "id": "e8df45e4-c28e-4b4e-ad9c-cadb13d4777c",
    "data": [
      {
        "text": "Do you read books?",
        "userDefined": false
      }
    ],
    "isTemplate": false,
    "count": 0,
    "lang": "en",
    "updated": 0
  },
  {
    "id": "e2c4c9d6-08ce-491c-9ac0-662d5a9cdbf0",
    "data": [
      {
        "text": "What books do you read?",
        "userDefined": false
      }
    ],
    "isTemplate": false,
    "count": 0,
    "lang": "en",
    "updated": 0
  },
  {
    "id": "8ccfe878-fef8-4a8c-9734-d7e3d28afd23",
    "data": [
      {
        "text": "Do you read E books?",
        "userDefined": false
      }
    ],
    "isTemplate": false,
    "count": 0,
    "lang": "en",
    "updated": 0
  },
  {
    "id": "632d47d0-e6ef-42cb-8a77-77dd6d5df5c7",
    "data": [
      {
        "text": "What E books do you read?",
        "userDefined": false
      }
    ],
    "isTemplate": false,
    "count": 0,
    "lang": "en",
    "updated": 0
  }
]