[
  {
    "id": "ebb7f27e-f731-4a99-b401-bbe769669ef7",
    "data": [
      {
        "text": "What\u0027s your favorite animal?",
        "userDefined": false
      }
    ],
    "isTemplate": false,
    "count": 0,
    "lang": "en",
    "updated": 0
  },
  {
    "id": "ac2b612d-6804-426a-ad8a-6b0e3b24f628",
    "data": [
      {
        "text": "Which animal do you like the most?",
        "userDefined": false
      }
    ],
    "isTemplate": false,
    "count": 0,
    "lang": "en",
    "updated": 0
  },
  {
    "id": "479355e0-d0bb-4f2e-a9a1-3a5af46fbc2c",
    "data": [
      {
        "text": "What is the best animal?",
        "userDefined": false
      }
    ],
    "isTemplate": false,
    "count": 0,
    "lang": "en",
    "updated": 0
  }
]