[
  {
    "id": "cac14138-6b97-4a02-b8d4-c15b6f46fa97",
    "data": [
      {
        "text": "What food do you like the most?",
        "userDefined": false
      }
    ],
    "isTemplate": false,
    "count": 0,
    "lang": "en",
    "updated": 0
  },
  {
    "id": "521b110a-fa9f-4bcf-963a-78634deed586",
    "data": [
      {
        "text": "What\u0027s your favorite food?",
        "userDefined": false
      }
    ],
    "isTemplate": false,
    "count": 1,
    "lang": "en",
    "updated": 0
  }
]